T_reg_bin,hours,Delta_x_mean_gkg,eta_deh_mean,Q_reg_kWh,Q_reg_coverage,E_el_kWh
"(30, 35]",32.3,0.8316730160867153,0.132196727149807,22.475469095828178,0.026865479786618678,0.0
"(35, 40]",81.13333333333334,0.9765987626513828,0.16619162003964177,79.4307644755939,0.08015684257890339,0.0
"(40, 45]",94.0,1.309966115659761,0.22163770034019437,155.99093925069113,0.22213197969543147,0.0
"(45, 50]",82.16666666666667,1.4224022153852551,0.23917306322542384,184.71103254279967,0.2385514264659438,0.0
"(50, 55]",39.86666666666667,1.5702360269399964,0.26612681682875106,95.27022946593503,0.1741218853197238,0.0
"(55, 60]",20.5,1.7857321104335455,0.302671228185469,50.33065572270798,0.2607758620689655,0.0
