T_reg_bin,hours,Delta_x_mean_gkg,eta_deh_mean,Q_reg_kWh,Q_reg_coverage,E_el_kWh
"(30, 35]",32.3,0.8796099626536382,0.13788813882027542,21.399527954914486,0.02558005013175654,0.0
"(35, 40]",81.13333333333334,1.3142207579804588,0.2130783603024279,0.0,0.0,0.0
"(40, 45]",94.0,2.462948163057805,0.4214731306508577,7.527644778641384,0.010253807106598985,0.0
"(45, 50]",82.16666666666667,3.0869879859987965,0.4859796434356502,5.583908434611297,0.007263922518159807,0.0
"(50, 55]",39.86666666666667,,,0.0,0.0,0.0
"(55, 60]",20.5,,,0.0,0.0,0.0
