T_reg_bin,hours,Delta_x_mean_gkg,eta_deh_mean,Q_reg_kWh,Q_reg_coverage,Q_reg_net_kWh,E_el_kWh
"(30, 35]",25.3,0.3068750142741976,0.04866540140484472,23.171195356631483,0.01771867089879063,23.171195356631483,0.0
"(35, 40]",21.1,0.524421801192194,0.08477686669489626,9.391651978731847,0.006709781729991916,9.391651978731847,0.0
"(40, 45]",28.8,0.7077970818648025,0.11521977108539491,25.457410987489887,0.014178984575835475,25.457410987489887,0.0
"(45, 50]",51.03333333333333,0.8755111326778816,0.14393755687693144,75.90629895928474,0.04033647105948328,75.90629895928474,0.0
"(50, 55]",65.7,1.0869775670189292,0.17931373921993968,111.73197264518689,0.059115668055110544,111.73197264518689,0.0
"(55, 60]",74.23333333333333,1.3224933286405534,0.2181347173534245,133.5082416119153,0.06945445806296563,133.5082416119153,0.0
"(60, 65]",55.2,1.5599885890476597,0.25656898950394474,91.72226707839317,0.04710406152367219,91.72226707839317,0.0
"(65, 70]",40.266666666666666,1.8560812070757102,0.302421791767306,53.90677225901081,0.027437314748057356,53.90677225901081,0.0
