T_reg_bin,hours,Delta_x_mean_gkg,eta_deh_mean,Q_reg_kWh,Q_reg_coverage,Q_reg_net_kWh,E_el_kWh
"(30, 35]",32.3,0.8549974440671589,0.1322231453285204,22.475469095828004,0.026865479786618678,22.475469095828004,0.0
"(35, 40]",81.13333333333334,1.003977541679736,0.16622594629798315,79.43076447559551,0.08015684257890339,79.43076447559551,0.0
"(40, 45]",94.0,1.346670819800462,0.2216795756818325,155.99093925069164,0.22213197969543147,155.99093925069164,0.0
"(45, 50]",82.16666666666667,1.4622579765873442,0.23921793059898983,184.7110325428011,0.2385514264659438,184.7110325428011,0.0
"(50, 55]",39.86666666666667,1.614223713742427,0.26617550790300426,95.27022946593377,0.1741218853197238,95.27022946593377,0.0
"(55, 60]",20.5,1.8357416823542816,0.3027240149777076,50.33065572270736,0.2607758620689655,50.33065572270736,0.0
