T_reg_bin,hours,Delta_x_mean_gkg,eta_deh_mean,Q_reg_kWh,Q_reg_coverage,Q_reg_net_kWh,E_el_kWh
"(30, 35]",21.1,0.25459914760303537,0.03994341461831067,23.171195356631486,0.028468142792589246,23.171195356631486,0.0
"(35, 40]",17.1,0.4738510926050232,0.07655404018937856,9.391651978731847,0.010669066135355742,9.391651978731847,0.0
"(40, 45]",25.066666666666666,0.6771288295316348,0.11055656931307087,25.457410987489887,0.022784483315045505,25.457410987489887,0.0
"(45, 50]",42.833333333333336,0.8526060385416616,0.14129178961703204,71.55114165805914,0.06295819935691319,71.55114165805914,0.0
"(50, 55]",56.86666666666667,1.0652969852420835,0.17692855892747752,107.78257758840599,0.09293202135185542,107.78257758840599,0.0
"(55, 60]",66.03333333333333,1.295989894771719,0.21487274931768838,129.03111853296684,0.10931669025865397,129.03111853296684,0.0
"(60, 65]",46.833333333333336,1.5220367648293596,0.2519107673687662,87.37211582298205,0.0735663255454721,87.37211582298205,0.0
"(65, 70]",30.033333333333335,1.780184775346157,0.2940322770234893,48.373185476868514,0.04140106883008177,48.373185476868514,0.0
