T_reg_bin,hours,Delta_x_mean_gkg,eta_deh_mean,Q_reg_kWh,Q_reg_coverage,Q_reg_net_kWh,E_el_kWh
"(30, 35]",21.1,0.25459914760303554,0.039943414618310684,23.171195356631664,0.028468142792589246,23.171195356631664,0.0
"(35, 40]",17.1,0.4738510926050232,0.07655404018937857,9.391651978731797,0.010669066135355742,9.391651978731797,0.0
"(40, 45]",25.066666666666666,0.6771288295316348,0.11055656931307087,25.457410987490526,0.022784483315045505,25.457410987490526,0.0
"(45, 50]",42.833333333333336,0.8526060385416617,0.14129178961703207,71.55114165805881,0.06295819935691319,71.55114165805881,0.0
"(50, 55]",56.86666666666667,1.0652969852420833,0.1769285589274775,107.78257758840539,0.09293202135185542,107.78257758840539,0.0
"(55, 60]",66.03333333333333,1.2959898947717186,0.21487274931768838,129.03111853296627,0.10931669025865397,129.03111853296627,0.0
"(60, 65]",46.833333333333336,1.5220367648293596,0.2519107673687662,87.37211582298137,0.0735663255454721,87.37211582298137,0.0
"(65, 70]",30.033333333333335,1.7801847753461573,0.2940322770234893,48.37318547686861,0.04140106883008177,48.37318547686861,0.0
